	{

		"metadata": {
			"formatVersion" : 3.1,
			"generatedBy"   : "Blender 2.7 Exporter",
			"vertices"      : 86,
			"faces"         : 125,
			"normals"       : 86,
			"colors"        : 0,
			"uvs"           : [86],
			"materials"     : 1,
			"morphTargets"  : 0,
			"bones"         : 0
		},

			"scale" : 1.000000,
			
			"vertices" : [2.75893,1.21346,0.0472868,2.40636,0.191394,0.047287,1.94626,1.67788,0.0472867,0.0480078,1.66297,0.0472867,-0.534532,0.0791671,1.37021,0.719153,0.395596,1.59852,0.250859,-2.49096,0.0472874,-0.755162,-1.12716,1.21333,0.261688,-1.42542,1.46887,0.996745,-2.01461,0.0472873,0.774323,-2.58789,0.0472874,0.392542,-0.260441,1.02921,-1.15755,1.78402,0.0472867,-0.251083,0.852934,1.21333,-1.06706,0.865574,1.5928,-2.29151,1.33631,0.0472868,-1.68101,1.88096,0.0472867,-2.20777,0.351492,0.0472869,-1.46161,0.418775,1.02921,-2.22572,-1.69633,0.0472873,-1.37314,-0.872136,1.5928,-1.55695,-2.24938,0.0472874,-2.76116,0.0542549,0.047287,-2.43908,-0.795464,0.0472871,1.38969,0.780727,0.917677,1.23594,0.206441,1.01078,0.891664,1.11271,1.17829,0.336483,-2.05597,0.994646,0.57856,-1.79356,1.06693,1.06251,-0.889073,0.0472871,0.738485,-0.387167,0.901968,-0.101538,1.25795,1.14569,-1.11231,1.3248,1.13919,-1.37404,1.37327,0.850098,-1.67929,1.10094,1.06693,-1.66779,0.210447,0.901968,-1.89454,-1.37499,1.13919,-1.43473,-1.91572,1.14569,-2.02026,-0.561425,0.958515,1.85063,1.60058,0.441847,2.4169,1.16286,0.401533,2.19428,0.345491,0.47581,2.49027,1.55836,0.0472867,2.27144,1.49441,0.396093,2.76116,0.64262,0.0472869,2.4841,0.694368,0.460315,1.89651,0.969267,0.663016,0.631198,0.687224,1.49447,0.23427,0.616188,1.48358,0.17271,0.353824,1.53044,-0.460596,-1.99011,0.0472873,-0.362294,-1.10054,1.40307,-0.356674,-1.60579,1.07017,-2.52766,0.307835,0.047287,-0.168076,2.06959,0.0472867,-0.684986,2.12149,0.0472867,-0.0974251,1.85248,0.596486,-0.861263,1.91185,0.59324,2.06154,-0.519598,0.0472871,1.86651,-0.372689,0.261548,1.61158,-0.773205,0.0472871,1.51407,-0.69975,0.154418,0.909786,1.36088,0.0472868,0.861974,1.32223,0.244567,0.993116,3.29124,0.0472865,1.28279,2.95017,0.411071,1.63514,2.82181,0.0472865,0.415387,3.03497,0.0472865,-0.0525143,2.64574,0.0472866,0.172045,1.71216,0.0472867,0.763029,1.69182,0.0472867,1.35401,1.67148,0.0472867,1.53398,1.93134,0.414317,1.78988,2.1273,0.0472867,0.60737,2.21344,0.345655,-0.0217078,-2.49372,0.0472874,-0.0950954,-2.75494,0.364681,-0.0514981,-2.98109,0.0472875,-0.345626,-2.28012,0.0472874,-0.701852,-2.16733,0.0472874,-0.699672,-2.65009,0.324521,-0.924489,-2.90494,0.0472875,-0.739121,-3.21708,0.0472875,-0.53833,-3.22243,0.366674,-0.359106,-3.29124,0.0472875,-1.10986,-2.59281,0.0472874],
			"faces"    : [42,62,63,39,0,0,1,2,0,1,2,42,39,2,62,0,2,3,0,2,3,0,42,41,1,44,0,4,5,6,4,5,6,42,44,45,41,0,6,7,4,6,7,4,42,40,0,42,0,8,9,10,8,9,10,42,42,43,40,0,10,11,8,10,11,8,42,25,30,29,0,12,13,14,12,13,14,42,29,61,25,0,14,15,12,14,15,12,42,49,4,11,0,16,17,18,16,17,18,42,11,5,49,0,18,19,16,18,19,16,42,50,6,27,0,20,21,22,20,21,22,42,27,52,50,0,22,23,20,22,23,20,42,27,10,9,0,22,24,25,22,24,25,42,9,28,27,0,25,26,22,25,26,22,42,10,27,6,0,24,22,21,24,22,21,42,29,30,28,0,14,13,26,14,13,26,42,28,9,29,0,26,25,14,26,25,14,42,7,51,4,0,27,28,17,27,28,17,42,8,11,4,0,29,18,17,29,18,17,42,12,57,55,0,30,31,32,30,31,32,42,33,16,15,0,33,34,35,33,34,35,42,15,34,33,0,35,36,33,35,36,33,42,32,12,16,0,37,30,34,37,30,34,42,16,33,32,0,34,33,37,34,33,37,42,15,17,35,0,35,38,39,35,38,39,42,35,34,15,0,39,36,35,39,36,35,42,13,14,4,0,40,41,17,40,41,17,42,14,18,4,0,41,42,17,41,42,17,42,36,19,21,0,43,44,45,43,44,45,42,21,37,36,0,45,46,43,45,46,43,42,22,23,38,0,47,48,49,47,48,49,42,36,38,23,0,43,49,48,43,49,48,42,23,19,36,0,48,44,43,48,44,43,42,53,22,38,0,50,47,49,50,47,49,42,7,4,20,0,27,17,51,27,17,51,42,20,4,18,0,51,17,42,51,17,42,42,5,47,48,0,19,52,53,19,52,53,42,48,49,5,0,53,16,19,53,16,19,42,5,25,24,0,19,12,54,19,12,54,42,24,47,5,0,54,52,19,54,52,19,42,26,47,24,0,55,52,54,55,52,54,42,11,30,25,0,18,13,12,18,13,12,42,25,5,11,0,12,19,18,12,19,18,42,52,27,8,0,23,22,29,23,22,29,42,8,51,52,0,29,28,23,29,28,23,42,28,8,27,0,26,29,22,26,29,22,42,8,28,30,0,29,26,13,29,26,13,42,30,11,8,0,13,18,29,13,18,29,42,13,31,32,0,40,56,37,40,56,37,42,32,14,13,0,37,41,40,37,41,40,42,34,14,33,0,36,41,33,36,41,33,42,33,14,32,0,33,41,37,33,41,37,42,34,35,18,0,36,39,42,36,39,42,42,18,14,34,0,42,41,36,42,41,36,42,36,37,7,0,43,46,27,43,46,27,42,7,20,36,0,27,51,43,27,51,43,42,36,20,38,0,43,51,49,43,51,49,42,18,35,38,0,42,39,49,42,39,49,42,38,20,18,0,49,51,42,49,51,42,42,46,40,43,0,57,8,11,57,8,11,42,43,39,46,0,11,2,57,11,2,57,42,45,40,46,0,7,8,57,7,8,57,42,46,41,45,0,57,4,7,57,4,7,42,29,60,61,0,14,58,15,14,58,15,42,26,63,3,0,55,1,59,55,1,59,42,3,31,26,0,59,56,55,59,56,55,42,43,42,2,0,11,10,3,11,10,3,42,2,39,43,0,3,2,11,3,2,11,42,40,45,44,0,8,7,6,8,7,6,42,44,0,40,0,6,9,8,6,9,8,42,24,46,39,0,54,57,2,54,57,2,42,39,26,24,0,2,55,54,2,55,54,42,41,46,24,0,4,57,54,4,57,54,42,24,25,41,0,54,12,4,54,12,4,42,48,47,26,0,53,52,55,53,52,55,42,26,13,48,0,55,40,53,55,40,53,42,4,49,48,0,17,16,53,17,16,53,42,48,13,4,0,53,40,17,53,40,17,42,26,31,13,0,55,56,40,55,56,40,42,21,50,52,0,45,20,23,45,20,23,42,52,37,21,0,23,46,45,23,46,45,42,37,52,51,0,46,23,28,46,23,28,42,51,7,37,0,28,27,46,28,27,46,42,51,8,4,0,28,29,17,28,29,17,42,53,38,35,0,50,49,39,50,49,39,42,35,17,53,0,39,38,50,39,38,50,42,31,3,56,0,56,59,60,56,59,60,42,57,32,31,0,31,37,56,31,37,56,42,31,56,57,0,56,60,31,56,60,31,42,55,57,56,0,32,31,60,32,31,60,42,56,54,55,0,60,61,32,60,61,32,42,12,32,57,0,30,37,31,30,37,31,42,3,54,56,0,59,61,60,59,61,60,42,58,1,41,0,62,5,4,62,5,4,42,41,59,58,0,4,63,62,4,63,62,42,59,41,25,0,63,4,12,63,4,12,42,60,58,59,0,58,62,63,58,62,63,42,59,61,60,0,63,15,58,63,15,58,42,61,59,25,0,15,63,12,15,63,12,42,62,3,63,0,0,59,1,0,59,1,42,26,39,63,0,55,2,1,55,2,1,42,64,65,66,0,64,65,66,64,65,66,42,67,68,74,0,67,68,69,67,68,69,42,70,71,72,0,70,71,72,70,71,72,42,74,72,65,0,69,72,65,69,72,65,42,66,65,72,0,66,65,72,66,65,72,42,72,73,66,0,72,73,66,72,73,66,42,64,67,65,0,64,67,65,64,67,65,42,71,73,72,0,71,73,72,71,73,72,42,65,67,74,0,65,67,69,65,67,69,42,69,70,74,0,74,70,69,74,70,69,42,68,69,74,0,68,74,69,68,74,69,42,74,70,72,0,69,70,72,69,70,72,42,75,76,77,0,75,76,77,75,76,77,42,78,79,80,0,78,79,80,78,79,80,42,81,82,83,0,81,82,83,81,82,83,42,80,83,76,0,80,83,76,80,83,76,42,77,76,83,0,77,76,83,77,76,83,42,83,84,77,0,83,84,77,83,84,77,42,75,78,76,0,75,78,76,75,78,76,42,82,84,83,0,82,84,83,82,84,83,42,76,78,80,0,76,78,80,76,78,80,42,85,81,80,0,85,81,80,85,81,80,42,79,85,80,0,79,85,80,79,85,80,42,80,81,83,0,80,81,83,80,81,83],