	{

		"metadata": {
			"formatVersion" : 3.1,
			"generatedBy"   : "Blender 2.7 Exporter",
			"vertices"      : 104,
			"faces"         : 186,
			"normals"       : 104,
			"colors"        : 0,
			"uvs"           : [144],
			"materials"     : 1,
			"morphTargets"  : 0,
			"bones"         : 0
		},

			"scale" : 1.000000,
			
			"vertices" : [2.78888,-0.307793,0.0236434,2.49143,-0.589318,0.0236435,2.27008,0.780821,0.0236433,-0.212827,0.0686147,1.53128,1.08572,0.0156596,1.20379,0.225531,-2.61824,0.0236437,-0.831188,-0.792577,1.43248,0.252417,-1.14489,1.20379,1.35646,-2.23706,0.0236438,0.75971,-2.63099,0.0236437,1.99385,-1.74928,0.0236437,0.895625,-0.727286,0.848876,-0.0448432,2.79887,0.0236429,0.461686,0.984762,1.00905,-0.342896,1.2223,1.19998,-1.2578,2.52383,0.0236429,-0.793691,2.83967,0.0236429,-2.06153,1.6392,0.023643,-1.16802,0.754468,0.848876,-2.25924,-0.35918,0.0236434,-1.35812,0.0115228,1.20379,-1.50841,-1.37861,0.0236437,-2.815,0.996297,0.0236432,-2.79845,0.352471,0.0236433,-2.17918,-0.0321198,0.699973,-2.16629,0.484582,0.712029,-1.79722,0.81408,0.751352,-1.70225,0.300863,1.77379,-1.56519,0.836511,1.5179,-2.01884,0.87949,1.44759,-2.30008,0.66237,1.41159,-2.29422,0.269396,1.41055,0.323458,1.56337,0.89371,-0.254805,1.72527,0.954293,-0.0692035,1.46656,1.72871,0.510472,1.30744,1.61309,0.415149,1.72138,1.54952,0.00897749,1.83399,1.58804,0.143103,1.41322,1.8833,0.217656,1.78104,1.76635,0.563899,-0.942657,1.03192,-0.00885959,-0.539424,1.60485,-0.477629,-0.896957,1.51639,-0.119724,-0.996769,1.89626,0.323547,-1.12764,2.00145,0.534854,-0.990445,1.88485,0.198284,-0.754222,1.95627,-0.409296,-0.0503465,2.21903,-0.874596,-0.698371,2.14469,-0.608551,-0.776913,2.20782,-0.255815,-0.507879,2.27439,0.343926,-0.490964,1.11731,0.528939,0.231912,1.34384,0.99702,-0.121865,1.53057,0.606487,0.0298169,1.62881,0.476717,-0.477216,1.46992,0.863684,-0.642974,1.28163,1.78999,0.610791,1.09262,1.05892,1.28989,1.25495,0.695194,0.874293,1.33996,1.10508,0.237751,1.46787,-0.574448,1.0801,1.43712,-1.14165,0.758506,1.19576,-1.27233,0.247793,1.43973,-0.485036,0.287039,1.66485,0.423159,0.981832,2.23422,-0.0864888,1.13495,2.12905,-0.00175122,0.395747,2.34645,0.460864,0.559755,2.42192,-1.4857,-2.83967,0.0236438,2.815,0.305047,0.0236433,2.07625,0.00990182,0.741547,1.91198,-0.301135,0.741547,0.252612,-2.01115,0.741547,0.555018,-1.99519,0.741547,0.849421,-2.00015,1.10103,1.46044,-1.36479,0.602206,-0.827229,1.98414,0.739533,-1.68894,1.26866,0.553788,-1.89409,-0.181575,0.741547,-1.21813,-1.14627,0.862532,-2.58693,0.747008,0.495889,-2.61372,0.171819,0.475015,-2.0218,1.30019,0.502196,-2.32846,-0.204663,0.475015,-0.138945,2.39573,0.609556,-0.535103,2.41731,0.609556,1.1882,1.90203,0.023643,-1.45022,-2.46691,0.936963,1.04068,2.59202,0.0236429,-1.95411,-2.13844,0.0236438,-1.67221,-2.03584,0.914769,-2.21714,0.593994,1.99608,-0.556863,-0.607235,2.5154,0.280787,0.837007,2.61499,0.258411,-1.10781,2.20245,0.896484,-0.509107,1.70333,-1.88476,1.93122,0.886685,1.10014,-1.99947,0.402461,-0.818555,-1.43919,1.28279,-0.637979,-2.1764,0.832474,-1.04426,-1.82461,1.63622,-0.946294,0.708346,1.77964,1.22182,0.684433,1.58539],
			"faces"    : [42,57,58,103,0,0,1,2,0,1,2,42,71,72,1,0,3,4,5,3,4,5,42,1,0,71,0,5,6,3,5,6,3,42,70,2,71,0,7,8,3,7,8,3,42,76,10,1,0,9,10,5,9,10,5,42,1,72,76,0,5,4,9,5,4,9,42,13,52,4,0,11,12,13,11,12,13,42,52,3,51,0,14,15,16,12,14,15,42,69,5,100,0,17,18,19,16,17,18,42,100,88,69,0,19,20,17,18,19,16,42,74,9,8,0,21,22,23,20,21,22,42,8,98,74,0,23,24,21,22,23,20,42,73,5,9,0,25,18,22,24,17,21,42,9,74,73,0,22,21,25,21,20,24,42,8,10,76,0,23,10,9,22,10,9,42,76,98,8,0,9,24,23,9,23,22,42,43,95,46,0,26,27,28,25,26,27,42,44,45,95,0,29,30,27,28,29,26,42,39,37,34,0,31,32,33,30,31,32,42,34,38,39,0,33,34,31,32,33,30,42,86,16,15,0,35,36,37,34,35,36,42,15,77,86,0,37,38,35,36,37,34,42,85,12,16,0,39,40,36,38,39,35,42,16,86,85,0,36,35,39,35,34,38,42,97,77,15,0,41,38,37,40,37,36,42,61,102,64,0,42,43,44,41,42,43,42,79,19,21,0,45,46,47,44,45,46,42,21,80,79,0,47,48,45,46,47,44,42,81,22,23,0,49,50,51,48,49,50,42,23,82,81,0,51,52,49,50,51,48,42,82,23,19,0,52,51,46,51,50,45,42,19,84,82,0,46,53,52,45,52,51,42,83,17,22,0,54,55,50,53,54,49,42,22,81,83,0,50,49,54,49,48,53,42,6,3,20,0,56,57,58,55,14,56,42,63,102,62,0,59,43,60,57,42,58,42,31,92,30,0,61,62,63,59,60,61,42,92,28,29,0,62,64,65,60,62,63,42,78,83,26,0,66,54,67,64,53,65,42,26,18,78,0,67,68,66,65,66,64,42,19,79,84,0,46,45,53,45,44,52,42,28,27,20,0,64,69,70,62,67,56,42,20,18,28,0,70,71,64,56,66,62,42,29,28,18,0,65,64,71,63,62,66,42,18,26,29,0,71,72,65,66,65,63,42,30,29,26,0,63,65,72,61,63,65,42,26,25,30,0,72,73,63,65,68,61,42,31,30,25,0,61,63,73,59,61,68,42,25,24,31,0,73,74,61,68,69,59,42,27,31,24,0,75,61,74,67,59,69,42,24,20,27,0,74,76,75,69,56,67,42,85,33,32,0,39,77,78,38,70,71,42,32,87,85,0,78,79,39,71,72,38,42,32,13,87,0,78,11,79,71,11,72,42,14,38,34,0,80,81,33,73,33,32,42,36,35,13,0,82,83,84,74,75,11,42,13,32,36,0,84,85,82,11,71,74,42,32,39,36,0,85,31,82,71,30,74,42,34,37,33,0,33,32,86,32,31,70,42,33,14,34,0,86,80,33,70,73,32,42,36,39,38,0,82,31,34,74,30,33,42,38,35,36,0,34,83,82,33,75,74,42,35,38,14,0,87,81,80,75,33,73,42,14,13,35,0,80,88,87,73,11,75,42,37,39,32,0,32,31,85,31,30,71,42,32,33,37,0,85,86,32,71,70,31,42,51,41,40,0,89,90,91,15,76,77,42,40,11,51,0,91,92,89,77,78,15,42,93,47,48,0,93,94,95,79,80,81,42,44,43,42,0,29,26,96,28,25,82,42,42,7,44,0,96,97,29,82,83,28,42,45,44,7,0,30,29,97,29,28,83,42,7,40,45,0,97,98,30,83,77,29,42,46,45,40,0,28,99,91,27,29,77,42,40,41,46,0,91,90,28,77,76,27,42,43,46,41,0,26,28,90,25,27,76,42,41,42,43,0,90,96,26,76,82,25,42,48,47,3,0,95,94,15,81,80,14,42,3,6,48,0,15,100,95,14,55,81,42,49,48,6,0,101,95,100,84,81,55,42,6,42,49,0,100,102,101,55,82,84,42,50,49,42,0,103,101,102,85,84,82,42,42,41,50,0,102,104,103,82,76,85,42,47,50,41,0,94,105,106,80,85,76,42,41,3,47,0,106,15,94,76,14,80,42,96,53,54,0,107,108,109,86,87,88,42,51,3,41,0,16,15,106,15,14,76,42,65,94,68,0,110,111,112,89,90,91,42,54,53,4,0,109,108,113,88,87,13,42,4,52,54,0,113,114,109,13,12,88,42,55,54,52,0,115,109,114,92,88,12,42,52,51,55,0,114,116,115,12,15,92,42,56,55,51,0,117,115,116,93,92,15,42,51,11,56,0,116,118,117,15,78,93,42,53,56,11,0,119,117,118,87,93,78,42,11,4,53,0,118,120,119,78,13,87,42,58,57,2,0,1,0,8,1,0,8,42,2,87,58,0,8,79,1,8,72,1,42,59,58,87,0,121,1,79,94,1,72,42,87,13,59,0,79,11,121,72,11,94,42,60,59,13,0,122,121,11,95,94,11,42,13,4,60,0,11,13,122,11,13,95,42,57,60,4,0,0,122,13,0,95,13,42,4,2,57,0,13,8,0,13,8,0,42,62,61,14,0,60,42,123,58,41,73,42,14,18,62,0,123,68,60,73,66,58,42,63,62,18,0,59,60,68,57,58,66,42,18,20,63,0,68,58,59,66,56,57,42,64,63,20,0,44,59,58,43,57,56,42,20,3,64,0,58,57,44,56,14,43,42,61,64,3,0,42,44,57,41,43,14,42,3,14,61,0,57,123,42,14,73,41,42,66,65,13,0,124,125,126,96,89,11,42,13,14,66,0,126,127,124,11,73,96,42,67,66,14,0,128,124,127,97,96,73,42,14,3,67,0,127,129,128,73,14,97,42,68,67,3,0,112,128,129,91,97,14,42,3,52,68,0,129,130,112,14,12,91,42,65,68,52,0,110,112,130,89,91,12,42,52,13,65,0,130,131,110,12,11,89,42,42,80,99,0,132,48,133,82,47,98,42,71,4,72,0,3,13,4,3,13,4,42,11,76,72,0,134,9,4,78,9,4,42,72,4,11,0,4,13,134,4,13,78,42,7,42,99,0,135,132,133,83,82,98,42,7,99,100,0,135,133,19,83,98,18,42,7,100,73,0,135,19,25,83,18,24,42,75,7,74,0,136,135,21,99,83,20,42,74,7,73,0,21,135,25,20,83,24,42,75,76,40,0,136,9,137,99,9,77,42,40,7,75,0,137,135,136,77,83,99,42,33,86,77,0,77,35,38,70,34,37,42,77,14,33,0,38,123,77,37,73,70,42,86,33,85,0,35,77,39,34,70,38,42,77,78,18,0,38,66,68,37,64,66,42,18,14,77,0,68,123,38,66,73,37,42,20,79,80,0,58,45,48,56,44,47,42,80,6,20,0,48,56,58,47,55,56,42,25,81,82,0,138,49,52,68,48,51,42,82,24,25,0,52,139,138,51,69,68,42,84,24,82,0,53,139,52,52,69,51,42,26,83,81,0,67,54,49,65,53,48,42,81,25,26,0,49,138,67,48,68,65,42,78,17,83,0,66,55,54,64,54,53,42,79,20,24,0,45,58,139,44,56,69,42,24,84,79,0,139,53,45,69,52,44,42,89,12,85,0,140,40,39,100,39,38,42,76,11,40,0,9,134,137,9,78,77,42,91,80,21,0,141,48,47,101,47,46,42,21,90,91,0,47,142,141,46,102,101,42,71,0,70,0,3,6,7,3,6,7,42,85,87,89,0,39,79,140,38,72,100,42,2,4,