	{

		"metadata": {
			"formatVersion" : 3.1,
			"generatedBy"   : "Blender 2.7 Exporter",
			"vertices"      : 42,
			"faces"         : 80,
			"normals"       : 42,
			"colors"        : 0,
			"uvs"           : [66],
			"materials"     : 1,
			"morphTargets"  : 0,
			"bones"         : 0
		},

			"scale" : 1.000000,
			
			"vertices" : [-0.115587,2.38974e-07,0.656499,-0.0368811,-0.136322,0.656499,0.12053,-0.136322,0.656499,0.199235,2.66497e-07,0.656499,0.12053,0.136323,0.656499,-0.0368811,0.136323,0.656499,-0.162949,8.19651e-07,5.1607,-0.060562,-0.177337,5.1607,0.144209,-0.177337,5.1607,0.246595,8.55454e-07,5.1607,0.144208,0.17734,5.1607,-0.0605621,0.17734,5.1607,-0.0193788,-0.106007,1.53224,-0.0805821,3.8471e-07,1.53224,0.103028,-0.106007,1.53224,0.164231,4.06112e-07,1.53224,0.103028,0.106008,1.53224,-0.0193788,0.106008,1.53224,0.218445,-0.706862,1.53224,0.218445,-0.706862,0.850729,0.270367,-0.706862,0.850729,0.270367,-0.706862,1.53224,0.270366,0.706863,1.53223,0.270366,0.706863,0.850729,0.218445,0.706863,0.850729,0.218445,0.706863,1.53223,0.218445,-0.136322,-0.0108842,0.215609,1.59198e-07,-0.0108843,0.218445,0.136323,-0.0108843,0.218445,0.557581,0.324227,0.270366,0.557581,0.324227,0.270366,0.136323,-0.0108843,0.273202,1.64233e-07,-0.0108843,0.270366,-0.136322,-0.0108842,0.270367,-0.557581,0.324227,0.218445,-0.557581,0.324227,-0.109884,6.90723e-07,4.34088,-0.0340308,-0.131383,4.34088,0.117677,-0.131383,4.34088,0.19353,7.17249e-07,4.34088,0.117677,0.131384,4.34088,-0.0340308,0.131384,4.34088],
			"faces"    : [42,13,0,1,0,0,1,2,0,1,2,42,1,12,13,0,2,3,0,2,3,0,42,18,19,20,0,4,5,6,4,5,6,42,20,21,18,0,6,7,4,6,7,4,42,14,2,3,0,8,9,10,8,9,10,42,3,15,14,0,10,11,8,10,11,8,42,15,3,4,0,11,10,12,11,10,12,42,4,16,15,0,12,13,11,12,13,11,42,22,23,24,0,14,15,16,14,15,16,42,24,25,22,0,16,17,14,16,17,14,42,17,5,0,0,18,19,1,18,19,1,42,0,13,17,0,1,0,18,1,0,18,42,27,28,31,0,20,21,22,20,21,22,42,31,32,27,0,22,23,20,22,23,20,42,9,10,11,0,24,25,26,24,25,26,42,11,6,7,0,26,27,28,26,27,28,42,9,11,7,0,24,26,28,24,26,28,42,9,7,8,0,24,28,29,24,28,29,42,13,12,37,0,30,31,32,0,3,30,42,37,36,13,0,32,33,30,30,31,0,42,12,14,38,0,34,35,36,3,8,32,42,38,37,12,0,36,37,34,32,30,3,42,14,15,39,0,35,38,39,8,11,33,42,39,38,14,0,39,36,35,33,32,8,42,15,16,40,0,38,40,41,11,13,34,42,40,39,15,0,41,39,38,34,33,11,42,16,17,41,0,40,42,43,13,18,35,42,41,40,16,0,43,41,40,35,34,13,42,17,13,36,0,42,30,33,18,0,31,42,36,41,17,0,33,43,42,31,35,18,42,19,18,12,0,44,45,3,5,4,3,42,12,1,19,0,3,2,44,3,2,5,42,34,35,26,0,46,47,48,36,37,38,42,26,33,34,0,48,49,46,38,39,36,42,21,20,2,0,7,6,9,7,6,9,42,2,14,21,0,9,8,7,9,8,7,42,18,21,14,0,4,7,8,4,7,8,42,14,12,18,0,8,50,4,8,3,4,42,23,22,16,0,15,14,13,15,14,13,42,16,4,23,0,13,12,15,13,12,15,42,29,30,31,0,51,52,22,40,41,22,42,31,28,29,0,22,21,51,22,21,40,42,25,24,5,0,17,16,19,17,16,19,42,5,17,25,0,19,18,17,19,18,17,42,22,25,17,0,14,17,53,14,17,18,42,17,16,22,0,53,13,14,18,13,14,42,27,26,1,0,54,55,2,20,38,2,42,1,0,27,0,2,1,54,2,1,20,42,28,27,0,0,56,54,1,21,20,1,42,0,5,28,0,1,19,56,1,19,21,42,29,28,5,0,57,56,19,40,21,19,42,5,24,29,0,19,16,57,19,16,40,42,30,29,24,0,52,51,16,41,40,16,42,24,23,30,0,16,15,52,16,15,41,42,31,30,23,0,22,52,15,22,41,15,42,23,4,31,0,15,12,22,15,12,22,42,32,31,4,0,23,22,12,23,22,12,42,4,3,32,0,12,10,23,12,10,23,42,33,32,3,0,49,23,10,39,23,10,42,3,2,33,0,10,9,49,10,9,39,42,34,33,2,0,46,49,9,36,39,9,42,2,20,34,0,9,6,46,9,6,36,42,35,34,20,0,47,46,6,37,36,6,42,20,19,35,0,6,5,47,6,5,37,42,26,35,19,0,55,58,44,38,37,5,42,19,1,26,0,44,2,55,5,2,38,42,27,32,33,0,20,23,49,20,23,39,42,33,26,27,0,49,48,20,39,38,20,42,36,37,7,0,33,32,59,31,30,28,42,7,6,36,0,59,60,33,28,27,31,42,37,38,8,0,37,36,61,30,32,29,42,8,7,37,0,61,62,37,29,28,30,42,38,39,9,0,36,39,63,32,33,24,42,9,8,38,0,63,61,36,24,29,32,42,39,40,10,0,39,41,64,33,34,25,42,10,9,39,0,64,63,39,25,24,33,42,40,41,11,0,41,43,65,34,35,26,42,11,10,40,0,65,64,41,26,25,34,42,41,36,6,0,43,33,60,35,31,27,42,6,11,41,0,60,65,43,27,26,35],
			"uvs"      : [[0.412031,0.625413,0.412031,0.602548,0.415291,0.602147,0.4154,0.625271,0.356184,0.624342,0.356184,0.605905,0.357249,0.606134,0.356726,0.623783,0.37146,0.624716,0.371357,0.601874,0.374741,0.601735,0.374741,0.624747,0.378125,0.601874,0.378022,0.624715,0.392755,0.623783,0.392233,0.606134,0.393298,0.605948,0.393298,0.624297,0.408661,0.62527,0.408772,0.602147,0.374741,0.582565,0.378334,0.583043,0.377897,0.584189,0.374741,0.584092,0.721275,0.509288,0.718457,0.513707,0.712818,0.513707,0.709998,0.509288,0.712818,0.504869,0.718457,0.504869,0.677651,0.574519,0.68039,0.574519,0.68039,0.641841,0.677651,0.641885,0.664081,0.574519,0.666826,0.574519,0.666826,0.641844,0.664081,0.641765,0.669563,0.574519,0.669563,0.641886,0.672265,0.574519,0.672265,0.641886,0.674946,0.574519,0.674946,0.641885,0.430764,0.605992,0.430764,0.624256,0.361448,0.592646,0.360536,0.591917,0.371147,0.583044,0.371585,0.584189,0.371859,0.627883,0.388947,0.591916,0.388032,0.592646,0.377623,0.627883,0.412032,0.583174,0.415688,0.58336,0.408376,0.58336,0.398052,0.5922,0.426012,0.592202,0.68039,0.655003,0.677651,0.655003,0.666826,0.655003,0.664081,0.655003,0.669563,0.655003,0.672265,0.655003,0.674946,0.655003]],
			"normals"  : [-0.999878,0,0.014863,-0.984222,-0.010559,-0.17655,-0.869289,-0.458876,-0.183721,-0.725791,-0.652882,0.216529,-0.449782,-0.661763,0.59978,-0.53328,-0.83639,-0.126499,0.762169,-0.640126,-0.096408,0.655171,-0.500534,0.565844,0.784661,-0.511216,0.350566,0.985778,-0.130009,0.106357,0.99472,0.016816,0.101199,0.999878,0,0.014863,0.989868,0.091189,0.108646,0.784661,0.512375,0.348888,0.657369,0.499313,0.564379,0.758446,0.647481,-0.074313,-0.516892,0.848933,-0.109836,-0.442488,0.663381,0.603381,-0.727744,0.64922,0.220985,-0.887326,0.439192,-0.140538,-0.549333,-0.018159,-0.835383,-0.48619,0.292856,-0.823267,0.698599,0.234687,-0.675893,0.764244,0.026795,-0.644337,0.810572,0,0.58562,0.405286,0.701956,0.58562,-0.405286,0.701956,0.58562,-0.810572,0,0.58562,-0.405286,-0.701956,0.58562,0.405286,-0.701956,0.58562,-0.499619,-0.865383,-0.037843,-0.999268,0,-0.037843,0.499619,-0.865383,-0.037843,0.999268,0,-0.037843,0.499619,0.865383,-0.037843,-0.499619,0.865383,-0.037843,0.726432,-0.57329,-0.378918,-0.644215,-0.636555,-0.423933,-0.519822,-0.29664,-0.801111,0.683096,-0.26899,-0.678976,-0.491287,0.723441,-0.48497,0.644215,0.636555,-0.423933],
			
			"skinIndices"  : [],
			"skinWeights"  : [],
			"morphTargets" : [],
			
			"bones"      : [],
			"animations" : [],
			
			"colors"    : [],
			"materials" : [
				{
					"DbgColor": 15658734,
					"DbgIndex": 0,
					"DbgName": "rail_set",
					"blending": "NormalBlending",
					"colorAmbient": [0.800000011920929, 0.800000011920929, 0.800000011920929],
					"colorDiffuse": [0.800000011920929, 0.800000011920929, 0.800000011920929],
					"colorEmissive": [0.0, 0.0, 0.0],
					"colorSpecular": [0.0, 0.0, 0.0],
					"depthTest": true,
					"depthWrite": true,
					"mapDiffuse": "rail_set_atlas.png",
					"mapDiffuseWrap": ["repeat", "repeat"],
					"shading": "Lambert",
					"specularCoef": 11,
					"transparency": 1.0,
					"transparent": false,
					"vertexColors": false
				}
			]


	}
